"1";"Bond";"James";"MI5";"10"
"2";"Comte";"Dracula";"Château";"12"
"3";"Blancsec1";"Adele";"Paris 19eme";"10"
"4";"Talon1";"Achille";"Banlieue";"10"
"5";"Le Gaulois1";"Asterix";"Village d'irreductible";"10"
"12";"Christie";"Agatha";"Londres";"10"
"13";"Baleine";"Bleue";"4ème Vague, Atlantique Nord";"10"
"14";"Psycho";"Pat";"Asile de fou";"10"
"16";"Nom2";"Prenom2";"Adresse 2";"10"
"17";"Nom3";"Prenom3";"Adresse 3";"10"
"18";"Nom4";"Prenom4";"Adresse 4";"10"
"19";"Nom5";"Prenom1";"Adresse 5";"10"
"20";"Nom6";"Prenom2";"Adresse 6";"10"
"21";"Nom7";"Prenom3";"Adresse 7";"10"
"22";"Nom8";"Prenom4";"Adresse 8";"10"
"23";"Nom9";"Prenom1";"Adresse 9";"10"
"25";"Nom2";"Prenom3";"Adresse 2";"10"
"26";"Nom3";"Prenom4";"Adresse 3";"10"
"27";"Nom4";"Prenom1";"Adresse 4";"10"
"28";"Nom5";"Prenom2";"Adresse 5";"10"
"29";"new";"new";"new";"10"