{"ratio": [], "shift": [["GEREE,COMPOSANTE", 0], ["GEREE,SALLE", 0], ["APPARTIENT,PERSONNE", 0], ["APPARTIENT,COMPOSANTE", 0], ["RESERVATION,PERSONNE", 0], ["RESERVATION,SALLE", 0], ["RESERVATION,PERIODE", 0], ["RESERVATION,COMPOSANTE", 0]], "colors": [["annotation_color", "#4575b4"], ["annotation_text_color", "#ffffbf"], ["association_attribute_text_color", "#000000"], ["association_cartouche_color", "#abd9e9"], ["association_cartouche_text_color", "#000000"], ["association_color", "#e0f3f8"], ["association_stroke_color", "#74add1"], ["background_color", "#ffffbf"], ["card_text_color", "#d73027"], ["entity_attribute_text_color", "#000000"], ["entity_cartouche_color", "#fdae61"], ["entity_cartouche_text_color", "#000000"], ["entity_color", "#fee090"], ["entity_stroke_color", "#f46d43"], ["leg_stroke_color", "#74add1"], ["transparent_color", "none"]], "cy": [["COMPOSANTE", 60], ["GEREE", 60], ["SALLE", 60], ["APPARTIENT", 245], ["PERSONNE", 245], ["RESERVATION", 245], ["PERIODE", 245]], "cx": [["COMPOSANTE", 75], ["GEREE", 212], ["SALLE", 334], ["APPARTIENT", 75], ["PERSONNE", 212], ["RESERVATION", 334], ["PERIODE", 458]], "size": [508, 313]}