{"ratio": [], "shift": [["RENDEZ VOUS,MEDECIN", 0], ["RENDEZ VOUS,PATIENT", 0], ["APPARTIENT,MEDECIN", 0], ["APPARTIENT,SERVICE", 0], ["NOTE,PATIENT", 0], ["NOTE,MEDECIN", 0]], "colors": [["annotation_color", "#3288bd"], ["annotation_text_color", "#ffffbf"], ["association_attribute_text_color", "#000000"], ["association_cartouche_color", "#abdda4"], ["association_cartouche_text_color", "#000000"], ["association_color", "#e6f598"], ["association_stroke_color", "#66c2a5"], ["background_color", "#ffffbf"], ["card_text_color", "#d53e4f"], ["entity_attribute_text_color", "#000000"], ["entity_cartouche_color", "#fdae61"], ["entity_cartouche_text_color", "#000000"], ["entity_color", "#fee08b"], ["entity_stroke_color", "#f46d43"], ["leg_stroke_color", "#66c2a5"], ["transparent_color", "none"]], "cy": [["RENDEZ VOUS", 60], ["MEDECIN", 60], ["APPARTIENT", 60], ["SERVICE", 60], ["PATIENT", 195], ["NOTE", 195]], "cx": [["RENDEZ VOUS", 61], ["MEDECIN", 179], ["APPARTIENT", 291], ["SERVICE", 412], ["PATIENT", 179], ["NOTE", 291]], "size": [464, 263]}